Name,Email,Username,Phone,Age,Address
Zena,Howell_Armstrong@yahoo.com,Abel25,(752) 802-7976 x988,74,Anguilla
Chanelle,Abbey25@yahoo.com,Stewart69,(712) 832-4298,37,Oman
Brent,Lemuel.Ernser23@gmail.com,Elta_Bogisich-Kessler,826.829.9663 x59623,74,"Bonaire, Sint Eustatius and Saba"
Rylee,Thora_Corwin64@gmail.com,Kelli91,316-291-9259 x1885,66,Lao People's Democratic Republic
Asa,Evelyn_Hermiston60@yahoo.com,Freda84,(776) 822-6453 x48213,99,Tuvalu
Adella,Leslie2@yahoo.com,Summer88,(858) 769-9741 x99522,45,Heard Island and McDonald Islands
Christine,Vida_Prohaska@hotmail.com,Hildegard49,835.647.2826 x3371,52,Reunion
Lessie,Marianne.Harber88@gmail.com,Crystal77,735-368-5827 x822,96,Algeria
Oral,Mallory_Mertz@hotmail.com,Hannah.Wilderman53,335.723.8265 x08938,35,Ghana
Dejah,Alysa_Cartwright46@hotmail.com,Danny93,1-431-284-3334 x2776,83,Cape Verde
Howell,Stephany.Olson@yahoo.com,Felicita_Romaguera,560-250-7360 x5258,34,Antigua and Barbuda
Heather,Kelley.Lemke73@hotmail.com,Chanelle.Stiedemann,298-921-7999 x5903,89,Uruguay
Mya,Emil.Gleason@hotmail.com,Ferne_Mraz,699.606.4733 x81342,71,Venezuela
Rylan,Merl74@gmail.com,Monserrate_Wolff,304-388-6976 x77405,54,Yemen
Melba,Euna_Aufderhar7@yahoo.com,Wanda.Turner,1-623-749-8755 x5897,29,Thailand
Jerrod,Modesta.Breitenberg53@gmail.com,Brendan.Feest58,(853) 799-3791 x62707,75,United Kingdom
Ayden,Tess77@yahoo.com,Casimer_Sanford,761.838.7198 x073,58,Yemen
Arno,Willy80@yahoo.com,Remington_Borer,338-591-9931 x94183,37,Syrian Arab Republic
Harrison,Donna78@yahoo.com,Jaime.Mills76,(468) 556-3548 x59410,34,Turks and Caicos Islands
Polly,Eliza.Walter-Breitenberg@hotmail.com,Dolly39,332.808.3036 x2774,21,"Virgin Islands, British"
